date,france_species,france_no_species,aura_species,aura_no_species,isere_species,isere_no_species,metro_species,metro_no_species,grenoble_species,grenoble_no_species,secteur1_species,secteur1_no_species,secteur2_species,secteur2_no_species,secteur3_species,secteur3_no_species,secteur4_species,secteur4_no_species,secteur5_species,secteur5_no_species,secteur6_species,secteur6_no_species,teisseire_species,teisseire_no_species,malherbe_species,malherbe_no_species,villeneuve_species,villeneuve_no_species,vigny_musset_species,vigny_musset_no_species,village_olympique_species,village_olympique_no_species,echirolles_species,echirolles_no_species,eybens_species,eybens_no_species,saint_martin_species,saint_martin_no_species,la_tronche_species,la_tronche_no_species,fontaine_species,fontaine_no_species,seyssinet_pariset_species,seyssinet_pariset_no_species,seyssins_species,seyssins_no_species
2025-06-17,423545,2052067,53723,262341,30209,43749,29964,27711,28831,6332,2951,1383,5911,790,4044,764,3737,1516,6063,559,6125,1320,835,101,1489,89,3622,847,807,39,1200,351,100,3643,337,1494,214,3720,271,769,83,3985,14,1365,12,398
2025-06-18,425590,2051071,53772,262460,30220,43750,29975,27712,28838,6333,2951,1383,5911,790,4044,764,3737,1517,6067,560,6128,1319,835,101,1493,89,3625,846,807,39,1200,351,104,3643,337,1494,214,3720,271,769,83,3985,14,1365,12,398
2025-06-19,425607,2051530,53777,262496,30219,43761,29975,27712,28838,6333,2951,1383,5911,790,4044,764,3737,1517,6067,560,6128,1319,835,101,1493,89,3625,846,807,39,1200,351,104,3643,337,1494,214,3720,271,769,83,3985,14,1365,12,398
2025-06-20,425615,2051984,53784,262515,30226,43755,29982,27706,28838,6333,2951,1383,5911,790,4044,764,3737,1517,6067,560,6128,1319,835,101,1493,89,3625,846,807,39,1200,351,111,3641,337,1494,214,3720,271,769,83,3985,14,1365,12,398
2025-06-21,425619,2052495,53783,262555,30226,43755,29982,27706,28838,6333,2951,1383,5911,790,4044,764,3737,1517,6067,560,6128,1319,835,101,1493,89,3625,846,807,39,1200,351,111,3641,337,1494,214,3720,271,769,83,3985,14,1365,12,398
2025-06-22,425653,2053013,53786,262572,30226,43755,29982,27706,28838,6333,2951,1383,5911,790,4044,764,3737,1517,6067,560,6128,1319,835,101,1493,89,3625,846,807,39,1200,351,111,3641,337,1494,214,3720,271,769,83,3985,14,1365,12,398
2025-06-23,425687,2053695,53777,262640,30224,43796,29981,27706,28837,6333,2950,1383,5911,790,4044,764,3737,1517,6067,560,6128,1319,835,101,1493,89,3625,846,807,39,1200,351,111,3641,337,1494,214,3720,271,769,83,3985,14,1365,12,398
2025-06-24,425696,2054097,53785,262669,30224,43798,29981,27706,28837,6333,2950,1383,5911,790,4044,764,3737,1517,6067,560,6128,1319,835,101,1493,89,3625,846,807,39,1200,351,111,3641,337,1494,214,3720,271,769,83,3985,14,1365,12,398
2025-06-25,425713,2054846,53807,262726,30247,43799,30005,27705,28837,6333,2950,1383,5911,790,4044,764,3737,1517,6067,560,6128,1319,835,101,1493,89,3625,846,807,39,1200,351,135,3636,337,1494,214,3720,271,769,83,3985,14,1365,12,398
2025-06-26,425710,2056226,53805,262883,30246,43804,30005,27709,28837,6333,2950,1383,5911,790,4044,764,3737,1517,6067,560,6128,1319,835,101,1493,89,3625,846,807,39,1200,351,135,3636,337,1494,214,3720,271,769,83,3985,14,1365,12,398
2025-06-27,425732,2056717,53803,262911,30245,43808,30004,27709,28836,6333,2949,1383,5911,790,4044,764,3737,1517,6067,560,6128,1319,835,101,1493,89,3625,846,807,39,1200,351,135,3636,337,1494,214,3720,271,769,83,3985,14,1365,12,398
2025-06-28,425737,2057778,53803,263004,30245,43808,30004,27707,28836,6331,2949,1383,5911,790,4044,762,3737,1517,6067,560,6128,1319,835,101,1493,89,3625,846,807,39,1200,351,135,3636,337,1494,214,3720,271,769,83,3985,14,1365,12,398
2025-06-29,425741,2058754,53803,263045,30245,43808,30004,27707,28836,6331,2949,1383,5911,790,4044,762,3737,1517,6067,560,6128,1319,835,101,1493,89,3625,846,807,39,1200,351,135,3636,337,1494,214,3720,271,769,83,3985,14,1365,12,398
2025-06-30,425733,2059990,53801,263057,30244,43809,30004,27707,28836,6331,2949,1383,5911,790,4044,762,3737,1517,6067,560,6128,1319,835,101,1493,89,3625,846,807,39,1200,351,135,3636,337,1494,214,3720,271,769,83,3985,14,1365,12,398
2025-07-01,425768,2060904,53806,263074,30243,43810,30004,27707,28836,6331,2949,1383,5911,790,4044,762,3737,1517,6067,560,6128,1319,835,101,1493,89,3625,846,807,39,1200,351,135,3636,337,1494,214,3720,271,769,83,3985,14,1365,12,398
2025-07-02,425763,2061400,53806,263147,30242,43814,30004,27707,28836,6331,2949,1383,5911,790,4044,762,3737,1517,6067,560,6128,1319,835,101,1493,89,3625,846,807,39,1200,351,135,3636,337,1494,214,3720,271,769,83,3985,14,1365,12,398
2025-07-03,425887,2062066,53805,263220,30241,43823,30004,27715,28836,6335,2949,1383,5911,794,4044,762,3737,1517,6067,560,6128,1319,835,101,1493,89,3625,846,807,39,1200,351,135,3636,337,1494,214,3720,271,773,83,3985,14,1365,12,398
2025-07-04,425890,2062707,53808,263316,30240,43824,30004,27715,28836,6335,2949,1383,5911,794,4044,762,3737,1517,6067,560,6128,1319,835,101,1493,89,3625,846,807,39,1200,351,135,3636,337,1494,214,3720,271,773,83,3985,14,1365,12,398
2025-07-05,425909,2063330,53807,263413,30239,43825,30004,27715,28836,6335,2949,1383,5911,794,4044,762,3737,1517,6067,560,6128,1319,835,101,1493,89,3625,846,807,39,1200,351,135,3636,337,1494,214,3720,271,773,83,3985,14,1365,12,398
2025-07-06,425905,2064141,53788,263442,30239,43826,30004,27715,28836,6335,2949,1383,5911,794,4044,762,3737,1517,6067,560,6128,1319,835,101,1493,89,3625,846,807,39,1200,351,135,3636,337,1494,214,3720,271,773,83,3985,14,1365,12,398
2025-07-07,425923,2064168,53792,263442,30238,43827,30004,27715,28836,6335,2949,1383,5911,794,4044,762,3737,1517,6067,560,6128,1319,835,101,1493,89,3625,846,807,39,1200,351,135,3636,337,1494,214,3720,271,773,83,3985,14,1365,12,398
2025-07-08,425964,2065230,53822,263526,30238,43827,30004,27715,28836,6335,2949,1383,5911,794,4044,762,3737,1517,6067,560,6128,1319,835,101,1493,89,3625,846,807,39,1200,351,135,3636,337,1494,214,3720,271,773,83,3985,14,1365,12,398
2025-07-09,426000,2065735,53822,263606,30238,43827,30004,27715,28836,6335,2949,1383,5911,794,4044,762,3737,1517,6067,560,6128,1319,835,101,1493,89,3625,846,807,39,1200,351,135,3636,337,1494,214,3720,271,773,83,3985,14,1365,12,398
2025-07-10,425969,2066393,53822,263800,30238,43827,30004,27715,28836,6335,2949,1383,5911,794,4044,762,3737,1517,6067,560,6128,1319,835,101,1493,89,3625,846,807,39,1200,351,135,3636,337,1494,214,3720,271,773,83,3985,14,1365,12,398
2025-07-11,425972,2067329,53825,264486,30241,43846,30007,27718,28836,6335,2949,1383,5911,794,4044,762,3737,1517,6067,560,6128,1319,835,101,1493,89,3625,846,807,39,1200,351,138,3636,337,1494,214,3720,271,773,83,3985,14,1365,12,398
2025-07-12,425988,2067827,53826,264690,30241,44015,30007,27718,28836,6335,2949,1383,5911,794,4044,762,3737,1517,6067,560,6128,1319,835,101,1493,89,3625,846,807,39,1200,351,138,3636,337,1494,214,3720,271,773,83,3985,14,1365,12,398
2025-07-13,425989,2068107,53827,264717,30241,44015,30007,27718,28836,6335,2949,1383,5911,794,4044,762,3737,1517,6067,560,6128,1319,835,101,1493,89,3625,846,807,39,1200,351,138,3636,337,1494,214,3720,271,773,83,3985,14,1365,12,398
2025-07-14,425988,2068523,53829,264739,30240,44019,30007,27718,28836,6335,2949,1383,5911,794,4044,762,3737,1517,6067,560,6128,1319,835,101,1493,89,3625,846,807,39,1200,351,138,3636,337,1494,214,3720,271,773,83,3985,14,1365,12,398
2025-07-15,426029,2069207,53843,264807,30240,44019,30007,27718,28836,6335,2949,1383,5911,794,4044,762,3737,1517,6067,560,6128,1319,835,101,1493,89,3625,846,807,39,1200,351,138,3636,337,1494,214,3720,271,773,83,3985,14,1365,12,398
2025-07-16,426005,2070325,53846,264853,30240,44019,30007,27718,28836,6335,2949,1383,5911,794,4044,762,3737,1517,6067,560,6128,1319,835,101,1493,89,3625,846,807,39,1200,351,138,3636,337,1494,214,3720,271,773,83,3985,14,1365,12,398
2025-07-17,426012,2071069,53846,264892,30240,44019,30007,27718,28836,6335,2949,1383,5911,794,4044,762,3737,1517,6067,560,6128,1319,835,101,1493,89,3625,846,807,39,1200,351,138,3636,337,1494,214,3720,271,773,83,3985,14,1365,12,398
2025-07-18,426025,2071418,53846,264947,30240,44019,30007,27718,28836,6335,2949,1383,5911,794,4044,762,3737,1517,6067,560,6128,1319,835,101,1493,89,3625,846,807,39,1200,351,138,3636,337,1494,214,3720,271,773,83,3985,14,1365,12,398
2025-07-19,426029,2071973,53846,265006,30241,44017,30007,27717,28836,6335,2949,1383,5911,794,4044,762,3737,1517,6067,560,6128,1319,835,101,1493,89,3625,846,807,39,1200,351,138,3636,337,1494,214,3720,271,773,83,3985,14,1365,12,398
2025-07-20,426030,2072492,53846,265115,30241,44017,30007,27717,28836,6335,2949,1383,5911,794,4044,762,3737,1517,6067,560,6128,1319,835,101,1493,89,3625,846,807,39,1200,351,138,3636,337,1494,214,3720,271,773,83,3985,14,1365,12,398
2025-07-21,426011,2072873,53845,265170,30240,44018,30007,27717,28836,6335,2949,1383,5911,794,4044,762,3737,1517,6067,560,6128,1319,835,101,1493,89,3625,846,807,39,1200,351,138,3636,337,1494,214,3720,271,773,83,3985,14,1365,12,398
2025-07-22,426018,2073050,53843,265083,30240,44018,30007,27717,28836,6335,2949,1383,5911,794,4044,762,3737,1517,6067,560,6128,1319,835,101,1493,89,3625,846,807,39,1200,351,138,3636,337,1494,214,3720,271,773,83,3985,14,1365,12,398
2025-07-23,426102,2073640,53844,265233,30240,44055,30007,27754,28836,6335,2949,1383,5911,794,4044,762,3737,1517,6067,560,6128,1319,835,101,1493,89,3625,846,807,39,1200,351,138,3675,337,1494,214,3720,271,773,83,3983,14,1365,12,398
2025-07-24,426091,2074696,53842,265778,30240,44055,30007,27754,28836,6335,2949,1383,5911,794,4044,762,3737,1517,6067,560,6128,1319,835,101,1493,89,3625,846,807,39,1200,351,138,3675,337,1494,214,3720,271,773,83,3983,14,1365,12,398
2025-07-25,426104,2075183,53849,265856,30249,44096,30016,27773,28835,6335,2949,1383,5911,794,4044,762,3737,1517,6067,560,6127,1319,835,101,1493,89,3625,846,807,39,1200,351,143,3694,337,1494,214,3720,271,773,83,3983,14,1365,17,398
2025-07-26,426113,2075580,53851,265899,30249,44120,30016,27795,28835,6335,2949,1383,5911,794,4044,762,3737,1517,6067,560,6127,1319,835,101,1493,89,3625,846,807,39,1200,351,143,3716,337,1494,214,3720,271,773,83,3983,14,1365,17,398
2025-07-27,426140,2075979,53851,265916,30249,44120,30016,27795,28835,6335,2949,1383,5911,794,4044,762,3737,1517,6067,560,6127,1319,835,101,1493,89,3625,846,807,39,1200,351,143,3716,337,1494,214,3720,271,773,83,3983,14,1365,17,398
2025-07-28,426136,2076481,53850,265939,30248,44121,30016,27795,28835,6335,2949,1383,5911,794,4044,762,3737,1517,6067,560,6127,1319,835,101,1493,89,3625,846,807,39,1200,351,143,3716,337,1494,214,3720,271,773,83,3983,14,1365,17,398
2025-07-29,426137,2076857,53852,266067,30248,44121,30016,27795,28835,6335,2949,1383,5911,794,4044,762,3737,1517,6067,560,6127,1319,835,101,1493,89,3625,846,807,39,1200,351,143,3716,337,1494,214,3720,271,773,83,3983,14,1365,17,398
2025-07-30,426134,2077398,53856,266203,30247,44122,30016,27795,28835,6335,2949,1383,5911,794,4044,762,3737,1517,6067,560,6127,1319,835,101,1493,89,3625,846,807,39,1200,351,143,3716,337,1494,214,3720,271,773,83,3983,14,1365,17,398
2025-07-31,426742,2077959,54467,266179,30858,44077,30628,27749,28835,6335,2949,1383,5911,794,4044,762,3737,1517,6067,560,6127,1319,835,101,1493,89,3625,846,807,39,1200,351,755,3670,337,1494,214,3720,271,773,83,3983,14,1365,17,398
2025-08-01,426750,2078556,54467,266282,30858,44186,30628,27754,28835,6335,2949,1383,5911,794,4044,762,3737,1517,6067,560,6127,1319,835,101,1493,89,3625,846,807,39,1200,351,755,3670,337,1494,214,3719,271,773,83,3989,14,1365,17,398
2025-08-02,426790,2078717,54483,266312,30858,44211,30628,27769,28835,6335,2949,1383,5911,794,4044,762,3737,1517,6067,560,6127,1319,835,101,1493,89,3625,846,807,39,1200,351,755,3670,337,1494,214,3719,271,773,83,4003,14,1365,17,398
2025-08-03,426664,2079482,54483,266391,30858,44201,30628,27759,28835,6335,2949,1383,5911,794,4044,762,3737,1517,6067,560,6127,1319,835,101,1493,89,3625,846,807,39,1200,351,755,3660,337,1494,214,3719,271,773,83,4003,14,1365,17,398
2025-08-04,426610,2079711,54483,266439,30858,44226,30628,27784,28835,6335,2949,1383,5911,794,4044,762,3737,1517,6067,560,6127,1319,835,101,1493,89,3625,846,807,39,1200,351,755,3660,337,1494,214,3719,271,773,83,4002,14,1369,17,398
2025-08-05,426615,2080237,54483,266524,30858,44268,30628,27784,28835,6335,2949,1383,5911,794,4044,762,3737,1517,6067,560,6127,1319,835,101,1493,89,3625,846,807,39,1200,351,755,3660,337,1494,214,3719,271,773,83,4002,14,1369,17,398
2025-08-06,426591,2081462,54482,266725,30857,44263,30627,27778,28834,6335,2949,1383,5911,794,4044,762,3737,1517,6066,560,6127,1319,834,101,1493,89,3625,846,807,39,1200,351,755,3660,337,1494,214,3713,271,773,83,4002,14,1369,17,398
2025-08-07,426541,2081835,54482,266749,30857,44263,30627,27778,28834,6335,2949,1383,5911,794,4044,762,3737,1517,6066,560,6127,1319,834,101,1493,89,3625,846,807,39,1200,351,755,3660,337,1494,214,3713,271,773,83,4002,14,1369,17,398
2025-08-08,426531,2083139,54490,266781,30857,44281,30627,27778,28834,6335,2949,1383,5911,794,4044,762,3737,1517,6066,560,6127,1319,834,101,1493,89,3625,846,807,39,1200,351,755,3660,337,1494,214,3713,271,773,83,4002,14,1369,17,398
2025-08-09,426531,2083860,54490,266828,30857,44270,30627,27767,28834,6324,2949,1383,5911,783,4044,762,3737,1517,6066,560,6127,1319,834,101,1493,89,3625,846,807,39,1200,351,755,3660,337,1494,214,3713,271,773,83,4002,14,1369,17,398
2025-08-10,426533,2084383,54490,266907,30857,44290,30627,27767,28834,6324,2949,1383,5911,783,4044,762,3737,1517,6066,560,6127,1319,834,101,1493,89,3625,846,807,39,1200,351,755,3660,337,1494,214,3713,271,773,83,4002,14,1369,17,398
2025-08-11,426572,2084851,54517,267018,30857,44334,30627,27774,28834,6331,2949,1390,5911,783,4044,762,3737,1517,6066,560,6127,1319,834,101,1493,89,3625,846,807,39,1200,351,755,3660,337,1494,214,3713,271,773,83,4002,14,1369,17,398
2025-08-12,426583,2085366,54527,267092,30857,44336,30627,27773,28834,6330,2949,1390,5911,783,4044,762,3737,1515,6066,560,6127,1320,834,101,1493,89,3625,846,807,39,1200,351,755,3660,337,1494,214,3713,271,773,83,4002,14,1369,17,398
2025-08-13,426588,2085808,54527,267158,30857,44336,30627,27773,28834,6330,2949,1390,5911,783,4044,762,3737,1515,6066,560,6127,1320,834,101,1493,89,3625,846,807,39,1200,351,755,3660,337,1494,214,3713,271,773,83,4002,14,1369,17,398
2025-08-14,426563,2087063,54526,267350,30856,44351,30626,27780,28833,6336,2949,1390,5911,783,4044,764,3736,1519,6066,560,6127,1320,834,101,1493,89,3625,846,807,39,1200,351,755,3660,337,1494,214,3713,271,774,83,4002,14,1369,17,398
2025-08-15,426548,2087513,54538,267507,30856,44352,30626,27780,28833,6336,2949,1390,5911,783,4044,764,3736,1519,6066,560,6127,1320,834,101,1493,89,3625,846,807,39,1200,351,755,3660,337,1494,214,3713,271,774,83,4002,14,1369,17,398
2025-08-16,426539,2088027,54537,267715,30853,44442,30623,27847,28830,6403,2949,1390,5911,783,4041,831,3736,1519,6066,560,6127,1320,834,101,1493,89,3625,846,807,39,1200,351,755,3660,337,1494,214,3713,271,774,83,4002,14,1369,17,398
2025-08-17,426540,2088894,54537,267772,30853,44481,30623,27847,28830,6403,2949,1390,5911,783,4041,831,3736,1519,6066,560,6127,1320,834,101,1493,89,3625,846,807,39,1200,351,755,3660,337,1494,214,3713,271,774,83,4002,14,1369,17,398
2025-08-18,426516,2089222,54537,267899,30853,44486,30623,27852,28830,6408,2949,1390,5911,783,4041,836,3736,1519,6066,560,6127,1320,834,101,1493,89,3625,846,807,39,1200,351,755,3660,337,1494,214,3713,271,774,83,4002,14,1369,17,398
2025-08-19,426547,2090067,54551,268057,30854,44495,30624,27861,28831,6409,2949,1390,5911,783,4042,837,3736,1519,6066,560,6127,1320,834,101,1493,89,3625,846,807,39,1200,351,755,3660,337,1494,214,3713,271,782,83,4002,14,1369,17,398
2025-08-20,426545,2090702,54550,268261,30853,44512,30623,27869,28830,6414,2949,1390,5911,783,4042,837,3735,1524,6066,560,6127,1320,834,101,1493,89,3625,846,807,39,1200,351,755,3660,337,1494,214,3713,271,785,83,4002,14,1369,17,398
2025-08-21,426552,2091874,54550,268447,30853,44518,30623,27875,28830,6420,2949,1390,5911,783,4042,843,3735,1524,6066,560,6127,1320,834,101,1493,89,3625,846,807,39,1200,351,755,3660,337,1494,214,3713,271,785,83,4002,14,1369,17,398
2025-08-22,426558,2092319,54548,268585,30853,44563,30623,27882,28830,6427,2949,1390,5911,783,4042,850,3735,1524,6066,560,6127,1320,834,101,1493,89,3625,846,807,39,1200,351,755,3660,337,1494,214,3713,271,785,83,4002,14,1369,17,398
2025-08-23,426571,2092785,54548,268703,30853,44578,30623,27889,28830,6427,2949,1390,5911,783,4042,850,3735,1524,6066,560,6127,1320,834,101,1493,89,3625,846,807,39,1200,351,755,3660,337,1494,214,3713,271,792,83,4002,14,1369,17,398
2025-08-24,426581,2093197,54558,268877,30853,44590,30623,27901,28830,6439,2949,1390,5911,783,4042,862,3735,1524,6066,560,6127,1320,834,101,1493,89,3625,846,807,39,1200,351,755,3660,337,1494,214,3713,271,792,83,4002,14,1369,17,398
2025-08-25,426605,2098868,54558,268947,30853,44606,30623,27917,28830,6439,2949,1390,5911,783,4042,862,3735,1524,6066,560,6127,1320,834,101,1493,89,3625,846,807,39,1200,351,755,3660,337,1494,214,3724,271,792,83,4007,14,1369,17,398
2025-08-26,426829,2099308,54569,268990,30853,44607,30623,27917,28830,6439,2949,1390,5911,783,4042,862,3735,1524,6066,560,6127,1320,834,101,1493,89,3625,846,807,39,1200,351,755,3660,337,1494,214,3724,271,792,83,4007,14,1369,17,398
2025-08-27,426999,2099773,54578,269234,30853,44607,30623,27917,28830,6439,2949,1390,5911,783,4042,862,3735,1524,6066,560,6127,1320,834,101,1493,89,3625,846,807,39,1200,351,755,3660,337,1494,214,3724,271,792,83,4007,14,1369,17,398
2025-08-28,427139,2100403,54584,269414,30853,44609,30623,27917,28830,6439,2949,1390,5911,783,4042,862,3735,1524,6066,560,6127,1320,834,101,1493,89,3625,846,807,39,1200,351,755,3660,337,1494,214,3724,271,792,83,4007,14,1369,17,398
2025-08-29,427290,2100759,54583,269579,30853,44609,30623,27917,28830,6439,2949,1390,5911,783,4042,862,3735,1524,6066,560,6127,1320,834,101,1493,89,3625,846,807,39,1200,351,755,3660,337,1494,214,3724,271,792,83,4007,14,1369,17,398
2025-08-30,427513,2101305,54635,269674,30904,44659,30674,27967,28830,6439,2949,1390,5911,783,4042,862,3735,1524,6066,560,6127,1320,834,101,1493,89,3625,846,807,39,1200,351,806,3710,337,1494,214,3724,271,792,83,4007,14,1369,17,398
2025-08-31,427802,2101861,54637,269744,30904,44662,30674,27970,28830,6442,2949,1390,5911,783,4042,862,3735,1527,6066,560,6127,1320,834,101,1493,89,3625,846,807,39,1138,342,806,3710,337,1494,214,3724,271,792,83,4007,14,1369,17,398
2025-09-01,427930,2102604,54637,269902,30904,44663,30674,27971,28830,6445,2949,1390,5911,783,4042,861,3735,1531,6066,560,6127,1320,834,101,1493,89,3625,846,807,39,1138,342,806,3710,337,1494,214,3724,271,792,83,4005,14,1369,17,398
2025-09-02,428229,2102734,54637,269991,30904,44662,30674,27970,28830,6445,2949,1390,5911,783,4042,861,3735,1531,6066,560,6127,1320,834,101,1493,89,3625,846,807,39,1138,342,806,3710,337,1494,214,3724,271,792,83,4004,14,1369,17,398
2025-09-03,428269,2103495,54635,270266,30905,44666,30675,27974,28830,6449,2949,1394,5911,783,4042,861,3735,1531,6066,560,6127,1320,834,101,1493,89,3625,846,807,39,1138,342,807,3710,338,1494,214,3724,271,792,83,4004,14,1369,17,398
2025-09-04,428299,2104352,54635,270547,30905,44666,30675,27974,28830,6449,2949,1394,5911,783,4042,861,3735,1531,6066,560,6127,1320,834,101,1493,89,3625,846,807,39,1138,342,807,3710,338,1494,214,3724,271,792,83,4004,14,1369,17,398
2025-09-05,428316,2105154,54635,270737,30905,44666,30675,27974,28830,6449,2949,1394,5911,783,4042,861,3735,1531,6066,560,6127,1320,834,101,1493,89,3625,846,807,39,1138,342,807,3710,338,1494,214,3724,271,792,83,4004,14,1369,17,398
2025-09-06,428320,2105765,54635,270922,30905,44666,30675,27974,28830,6449,2949,1394,5911,783,4042,861,3735,1531,6066,560,6127,1320,834,101,1493,89,3625,846,807,39,1138,342,807,3710,338,1494,214,3724,271,792,83,4004,14,1369,17,398
2025-09-07,428349,2107067,54635,271038,30905,44666,30675,27974,28830,6449,2949,1394,5911,783,4042,861,3735,1531,6066,560,6127,1320,834,101,1493,89,3625,846,807,39,1138,342,807,3710,338,1494,214,3724,271,792,83,4004,14,1369,17,398
2025-09-08,428377,2107413,54637,271101,30907,44667,30677,27975,28830,6449,2949,1394,5911,783,4042,861,3735,1531,6066,560,6127,1320,834,101,1493,89,3625,846,807,39,1138,342,807,3710,340,1495,216,3725,271,792,83,4004,14,1369,17,398
2025-09-09,428474,2108430,54637,271325,30907,44667,30677,27975,28830,6449,2949,1394,5911,783,4042,861,3735,1531,6066,560,6127,1320,834,101,1493,89,3625,846,807,39,1138,342,807,3710,340,1495,216,3725,271,792,83,4004,14,1369,17,398
2025-09-10,428452,2109293,54638,271920,30908,44667,30678,27975,28831,6449,2949,1394,5912,783,4042,861,3735,1531,6066,560,6127,1320,834,101,1493,89,3625,846,807,39,1138,342,807,3710,340,1495,216,3725,271,792,83,4004,14,1369,17,398
2025-09-11,428413,2109950,54638,272072,30908,44671,30678,27975,28831,6449,2949,1394,5912,783,4042,861,3735,1531,6066,560,6127,1320,834,101,1493,89,3625,846,807,39,1138,342,807,3710,340,1495,216,3725,271,792,83,4004,14,1369,17,398
2025-09-12,428438,2110618,54638,272121,30908,44664,30678,27968,28831,6449,2949,1394,5912,783,4042,861,3735,1531,6066,560,6127,1320,834,101,1493,89,3625,846,807,39,1138,342,807,3710,340,1495,216,3718,271,792,83,4004,14,1369,17,398
2025-09-13,428568,2111444,54638,272202,30908,44675,30678,27968,28831,6449,2949,1394,5912,783,4042,861,3735,1531,6066,560,6127,1320,834,101,1493,89,3625,846,807,39,1138,342,807,3710,340,1495,216,3718,271,792,83,4004,14,1369,17,398
2025-09-14,428527,2112388,54638,272401,30908,44675,30678,27968,28831,6449,2949,1394,5912,783,4042,861,3735,1531,6066,560,6127,1320,834,101,1493,89,3625,846,807,39,1138,342,807,3710,340,1495,216,3718,271,792,83,4004,14,1369,17,398
2025-09-15,428461,2112834,54638,272499,30908,44675,30678,27968,28831,6449,2949,1394,5912,783,4042,861,3735,1531,6066,560,6127,1320,834,101,1493,89,3625,846,807,39,1138,342,807,3710,340,1495,216,3718,271,792,83,4004,14,1369,17,398
2025-09-16,428606,2113462,54638,272602,30908,44673,30678,27968,28831,6449,2949,1394,5912,783,4042,861,3735,1531,6066,560,6127,1320,834,101,1493,89,3625,846,807,39,1138,342,807,3710,340,1495,216,3718,271,792,83,4004,14,1369,17,398
2025-09-17,428565,2113840,54638,272512,30908,44672,30678,27968,28831,6449,2949,1394,5912,783,4042,861,3735,1531,6066,560,6127,1320,834,101,1493,89,3625,846,807,39,1138,342,807,3710,340,1495,216,3718,271,792,83,4004,14,1369,17,398
2025-09-18,428708,2114412,54638,272588,30908,44672,30678,27968,28831,6449,2949,1394,5912,783,4042,861,3735,1531,6066,560,6127,1320,834,101,1493,89,3625,846,807,39,1138,342,807,3710,340,1495,216,3718,271,792,83,4004,14,1369,17,398
2025-09-19,428857,2114977,54638,272621,30908,44672,30678,27969,28831,6449,2949,1394,5912,783,4042,861,3735,1531,6066,560,6127,1320,834,101,1493,89,3625,846,807,39,1138,342,807,3710,340,1495,216,3718,271,792,83,4004,14,1369,17,398
2025-09-20,428846,2115374,54638,272665,30908,44671,30678,27967,28831,6449,2949,1394,5912,783,4042,861,3735,1531,6066,560,6127,1320,834,101,1493,89,3625,846,807,39,1138,342,807,3708,340,1495,216,3718,271,792,83,4004,14,1369,17,398
2025-09-21,428846,2115984,54638,272659,30908,44670,30678,27966,28831,6448,2949,1394,5912,782,4042,861,3735,1531,6066,560,6127,1320,834,101,1493,89,3625,846,807,39,1138,342,807,3708,340,1495,216,3718,271,792,83,4004,14,1369,17,398
2025-09-22,428871,2116638,54638,272788,30908,44671,30678,27966,28831,6448,2949,1394,5912,782,4042,861,3735,1531,6066,560,6127,1320,834,101,1493,89,3625,846,807,39,1138,342,807,3708,340,1495,216,3718,271,792,83,4004,14,1369,17,398
2025-09-23,428870,2117169,54638,272864,30908,44671,30678,27966,28831,6448,2949,1394,5912,782,4042,861,3735,1531,6066,560,6127,1320,834,101,1493,89,3625,846,807,39,1138,342,807,3708,340,1495,216,3718,271,792,83,4004,14,1369,17,398
2025-09-24,428871,2117689,54638,272858,30908,44671,30678,27966,28831,6448,2949,1394,5912,782,4042,861,3735,1531,6066,560,6127,1320,834,101,1493,89,3625,846,807,39,1138,342,807,3708,340,1495,216,3718,271,792,83,4004,14,1369,17,398
2025-09-25,428870,2118851,54638,272863,30908,44682,30678,27972,28831,6448,2949,1394,5912,782,4042,861,3735,1531,6066,560,6127,1320,834,101,1493,89,3625,846,807,39,1138,342,807,3714,340,1495,216,3718,271,792,83,4004,14,1369,17,398
2025-09-26,428884,2120484,54638,272946,30908,44682,30678,27972,28831,6448,2949,1394,5912,782,4042,861,3735,1531,6066,560,6127,1320,834,101,1493,89,3625,846,807,39,1138,342,807,3714,340,1495,216,3718,271,792,83,4004,14,1369,17,398
2025-09-27,428871,2121209,54637,273393,30908,44682,30678,27972,28831,6448,2949,1394,5912,782,4042,861,3735,1531,6066,560,6127,1320,834,101,1493,89,3625,846,807,39,1138,342,807,3714,340,1495,216,3718,271,792,83,4004,14,1369,17,398
2025-09-28,428792,2121548,54638,273507,30909,44682,30679,27972,28832,6448,2949,1394,5912,782,4042,861,3736,1531,6066,560,6127,1320,834,101,1493,89,3625,846,807,39,1138,342,807,3714,340,1495,216,3718,271,792,83,4004,14,1369,17,398
2025-09-29,428742,2122221,54638,273542,30909,44682,30679,27972,28832,6448,2949,1394,5912,782,4042,861,3736,1531,6066,560,6127,1320,834,101,1493,89,3625,846,807,39,1138,342,807,3714,340,1495,216,3718,271,792,83,4004,14,1369,17,398
2025-09-30,428741,2123235,54638,273565,30909,44683,30679,27972,28832,6448,2949,1394,5912,782,4042,861,3736,1531,6066,560,6127,1320,834,101,1493,89,3625,846,807,39,1138,342,807,3714,340,1495,216,3718,271,792,83,4004,14,1369,17,398
2025-10-01,428791,2124046,54637,273577,30909,44683,30679,27972,28832,6448,2949,1394,5912,782,4042,861,3736,1531,6066,560,6127,1320,834,101,1493,89,3625,846,807,39,1138,342,807,3714,340,1495,216,3718,271,792,83,4004,14,1369,17,398
2025-10-02,428742,2124916,54637,273666,30909,44683,30679,27972,28832,6448,2949,1394,5912,782,4042,861,3736,1531,6066,560,6127,1320,834,101,1493,89,3625,846,807,39,1138,342,807,3714,340,1495,216,3718,271,792,83,4004,14,1369,17,398
2025-10-03,428777,2125848,54634,273748,30906,44683,30676,27972,28829,6448,2946,1394,5912,782,4042,861,3736,1531,6066,560,6127,1320,834,101,1493,89,3625,846,807,39,1138,342,807,3714,340,1495,216,3718,271,792,83,4004,14,1369,17,398
2025-10-04,428781,2126797,54634,273877,30906,44684,30676,27971,28829,6447,2946,1394,5912,782,4042,860,3736,1531,6066,560,6127,1320,834,101,1493,89,3625,846,807,39,1138,342,807,3714,340,1495,216,3718,271,792,83,4004,14,1369,17,398
2025-10-05,428805,2127523,54634,273941,30906,44685,30676,27971,28829,6447,2946,1394,5912,782,4042,860,3736,1531,6066,560,6127,1320,834,101,1493,89,3625,846,807,39,1138,342,807,3714,340,1495,216,3718,271,792,83,4004,14,1369,17,398
2025-10-06,428828,2128399,54634,274276,30906,44803,30676,27971,28829,6447,2946,1394,5912,782,4042,860,3736,1531,6066,560,6127,1320,834,101,1493,89,3625,846,807,39,1138,342,807,3714,340,1495,216,3718,271,792,83,4004,14,1369,17,398
2025-10-07,428844,2128866,54636,274409,30906,44804,30676,27971,28829,6447,2946,1394,5912,782,4042,860,3736,1531,6066,560,6127,1320,834,101,1493,89,3625,846,807,39,1138,342,807,3714,340,1495,216,3718,271,792,83,4004,14,1369,17,398
2025-10-08,428999,2129660,54796,274566,31066,44806,30836,27961,28836,6440,2946,1394,5912,782,4042,860,3736,1531,6066,560,6134,1313,834,101,1493,89,3625,846,807,39,1138,342,960,3711,340,1495,216,3718,271,792,83,4004,14,1369,17,398
2025-10-09,429090,2130686,54878,274710,31146,44823,30916,27965,28836,6440,2946,1394,5912,782,4042,860,3736,1531,6066,560,6134,1313,834,101,1493,89,3625,846,807,39,1138,342,1040,3715,340,1495,216,3718,271,792,83,4004,14,1369,17,398
2025-10-10,429139,2131520,54907,275005,31175,44819,30945,27961,28836,6440,2946,1394,5912,782,4042,860,3736,1531,6066,560,6134,1313,834,101,1493,89,3625,846,807,39,1138,342,1069,3711,340,1495,216,3718,271,792,83,4004,14,1369,17,398
2025-10-11,429146,2132027,54912,275272,31180,44827,30950,27969,28836,6440,2946,1394,5912,782,4042,860,3736,1531,6066,560,6134,1313,834,101,1493,89,3625,846,807,39,1138,342,1074,3710,340,1495,216,3727,271,792,83,4004,14,1369,17,398
2025-10-12,429187,2132413,54931,275338,31195,44830,30965,27971,28836,6442,2946,1394,5912,782,4042,860,3736,1531,6066,560,6134,1315,834,101,1493,89,3625,846,807,39,1138,342,1088,3708,347,1495,217,3727,271,792,83,4004,14,1371,17,398
2025-10-13,429361,2132570,54931,275388,31195,44838,30965,27971,28836,6442,2946,1394,5912,782,4042,860,3736,1531,6066,560,6134,1315,834,101,1493,89,3625,846,807,39,1138,342,1088,3708,347,1495,217,3727,271,792,83,4004,14,1371,17,398
2025-10-14,429466,2133088,54932,275418,31196,44841,30966,27974,28836,6442,2946,1394,5912,782,4042,860,3736,1531,6066,560,6134,1315,834,101,1493,89,3625,846,807,39,1138,342,1089,3711,347,1495,217,3727,271,792,83,4004,14,1371,17,398
2025-10-15,429643,2134041,55039,275818,31303,45137,31073,28267,28836,6450,2946,1394,5912,782,4042,860,3736,1531,6066,564,6134,1319,834,101,1493,89,3625,846,807,39,1138,342,1196,3996,347,1495,217,3727,271,792,83,4004,14,1371,17,398
2025-10-16,429680,2134668,55038,275963,31302,45192,31072,28323,28836,6450,2946,1394,5912,782,4042,860,3736,1531,6066,564,6134,1319,834,101,1493,89,3625,846,807,39,1138,342,1195,4047,347,1495,217,3727,271,792,83,4004,14,1371,17,398
2025-10-17,430073,2134648,55254,275897,31518,45055,31288,28186,28836,6450,2946,1394,5912,782,4042,860,3736,1531,6066,564,6134,1319,834,101,1493,89,3625,846,807,39,1138,342,1411,3910,347,1495,217,3727,271,792,83,4004,14,1371,17,398
2025-10-18,430087,2135152,55251,275947,31511,45057,31281,28187,28832,6448,2946,1394,5908,780,4042,860,3736,1531,6066,564,6134,1319,834,101,1493,89,3625,846,807,39,1138,342,1408,3913,347,1495,217,3727,271,792,83,4004,14,1371,17,398
2025-10-19,430122,2135596,55251,276001,31511,45057,31281,28187,28832,6448,2946,1394,5908,780,4042,860,3736,1531,6066,564,6134,1319,834,101,1493,89,3625,846,807,39,1138,342,1408,3913,347,1495,217,3727,271,792,83,4004,14,1371,17,398
2025-10-20,430151,2136386,55277,276045,31511,45057,31281,28187,28832,6448,2946,1394,5908,780,4042,860,3736,1531,6066,564,6134,1319,834,101,1493,89,3625,846,807,39,1138,342,1408,3913,347,1495,217,3727,271,792,83,4004,14,1371,17,398
2025-10-21,430185,2137521,55288,276109,31512,45075,31282,28205,28832,6448,2946,1394,5908,780,4042,860,3736,1531,6066,564,6134,1319,834,101,1493,89,3625,846,807,39,1138,342,1409,3931,347,1495,217,3727,271,792,83,4004,14,1371,17,398
2025-10-22,430209,2138144,55276,276136,31500,45087,31270,28217,28833,6448,2946,1394,5909,780,4042,860,3736,1531,6066,564,6134,1319,834,101,1493,89,3625,846,807,39,1138,342,1396,3942,347,1495,217,3727,271,792,83,4004,14,1371,17,398
2025-10-23,430225,2138838,55279,276195,31503,45090,31273,28220,28833,6448,2946,1394,5909,780,4042,860,3736,1531,6066,564,6134,1319,834,101,1493,89,3625,846,807,39,1138,342,1399,3945,347,1495,217,3727,271,792,83,4004,14,1371,17,398
2025-10-24,430462,2140328,55429,276270,31652,45159,31422,28289,28833,6448,2946,1394,5909,780,4042,860,3736,1531,6066,564,6134,1319,834,101,1493,89,3625,846,807,39,1138,342,1548,4014,347,1495,217,3727,271,792,83,4004,14,1371,17,398
2025-10-25,430539,2141237,55432,276382,31655,45162,31425,28292,28833,6448,2946,1394,5909,780,4042,860,3736,1531,6066,564,6134,1319,834,101,1493,89,3625,846,807,39,1138,342,1549,4013,347,1495,219,3731,271,792,83,4004,14,1371,17,398
2025-10-26,430541,2141653,55433,276421,31656,45166,31425,28292,28833,6448,2946,1394,5909,780,4042,860,3736,1531,6066,564,6134,1319,834,101,1493,89,3625,846,807,39,1138,342,1549,4013,347,1495,219,3731,271,792,83,4004,14,1371,17,398
2025-10-27,430535,2142510,55430,276457,31653,45166,31422,28292,28830,6448,2943,1394,5909,780,4042,860,3736,1531,6066,564,6134,1319,834,101,1493,89,3625,846,807,39,1138,342,1549,4013,347,1495,219,3731,271,792,83,4004,14,1371,17,398
2025-10-28,430560,2143208,55430,276517,31653,45175,31422,28292,28830,6448,2943,1394,5909,780,4042,860,3736,1531,6066,564,6134,1319,834,101,1493,89,3625,846,807,39,1138,342,1549,4013,347,1495,219,3731,271,792,83,4004,14,1371,17,398
2025-10-30,430676,2145054,55564,276689,31759,45165,31528,28280,28831,6448,2943,1394,5909,780,4042,860,3736,1531,6067,564,6134,1319,834,101,1494,89,3625,846,807,39,1138,342,1654,4001,347,1495,219,3731,271,792,83,4004,14,1371,17,398
2025-10-31,430921,2145378,55780,276530,31972,44979,31741,28094,28831,6448,2943,1394,5909,780,4042,860,3736,1531,6067,564,6134,1319,834,101,1494,89,3625,846,807,39,1138,342,1867,3815,347,1495,219,3731,271,792,83,4004,14,1371,17,398
2025-11-01,430905,2145971,55785,276655,31973,44981,31742,28093,28831,6448,2943,1394,5909,780,4042,860,3736,1531,6067,564,6134,1319,834,101,1494,89,3625,846,807,39,1138,342,1868,3814,347,1495,219,3731,271,792,83,4004,14,1371,17,398
2025-11-02,430910,2146825,55785,276664,31973,44981,31742,28093,28831,6448,2943,1394,5909,780,4042,860,3736,1531,6067,564,6134,1319,834,101,1494,89,3625,846,807,39,1138,342,1868,3814,347,1495,219,3731,271,792,83,4004,14,1371,17,398
2025-11-03,430915,2147605,55789,276743,31973,44980,31742,28093,28831,6448,2943,1394,5909,780,4042,860,3736,1531,6067,564,6134,1319,834,101,1494,89,3625,846,807,39,1138,342,1868,3814,347,1495,219,3731,271,792,83,4004,14,1371,17,398
2025-11-04,430904,2148230,55791,276766,31975,44982,31744,28092,28833,6447,2943,1394,5909,780,4042,860,3737,1530,6068,564,6134,1319,835,101,1494,89,3625,846,807,39,1138,342,1868,3814,347,1495,219,3731,271,792,83,4004,14,1371,17,398
2025-11-05,431374,2148443,56040,276678,32224,44717,31993,27827,28833,6447,2943,1394,5909,780,4042,860,3737,1530,6068,564,6134,1319,835,101,1494,89,3625,846,807,39,1138,342,2116,3549,347,1495,220,3731,271,792,83,4004,14,1371,17,398
2025-11-06,431384,2149247,56040,276760,32224,44714,31993,27824,28833,6447,2943,1394,5909,780,4042,860,3737,1530,6068,564,6134,1319,835,101,1494,89,3625,846,807,39,1138,342,2116,3546,347,1495,220,3731,271,792,83,4004,14,1371,17,398
2025-11-07,431827,2149516,56439,276455,32623,44341,32392,27451,28830,6447,2943,1394,5909,780,4042,860,3737,1530,6068,564,6131,1319,835,101,1494,89,3625,846,807,39,1135,342,2517,3174,347,1495,221,3730,271,792,83,4004,14,1371,17,398
2025-11-08,431773,2150208,56438,276328,32623,44341,32392,27451,28830,6447,2943,1394,5909,780,4042,860,3737,1530,6068,564,6131,1319,835,101,1494,89,3625,846,807,39,1135,342,2517,3174,347,1495,221,3730,271,792,83,4004,14,1371,17,398
2025-11-09,431829,2150791,56438,276376,32623,44340,32392,27451,28830,6447,2943,1394,5909,780,4042,860,3737,1530,6068,564,6131,1319,835,101,1494,89,3625,846,807,39,1135,342,2517,3174,347,1495,221,3730,271,792,83,4004,14,1371,17,398
2025-11-10,431944,2151362,56500,276462,32669,44414,32438,27483,28876,6411,2943,1394,5909,780,4042,860,3737,1530,6114,528,6131,1319,881,65,1494,89,3625,846,807,39,1135,342,2517,3174,347,1495,221,3730,271,792,83,4072,14,1371,17,398
2025-11-11,431806,2152149,56501,276523,32670,44433,32439,27499,28876,6411,2943,1394,5909,780,4042,860,3737,1530,6114,528,6131,1319,881,65,1494,89,3625,846,807,39,1135,342,2517,3174,347,1495,221,3730,271,792,84,4088,14,1371,17,398
2025-11-12,431695,2152835,56498,276605,32670,44438,32439,27499,28876,6411,2943,1394,5909,780,4042,860,3737,1530,6114,528,6131,1319,881,65,1494,89,3625,846,807,39,1135,342,2517,3174,347,1495,221,3730,271,792,84,4088,14,1371,17,398
2025-11-13,431330,2153688,56494,276713,32670,44441,32439,27500,28876,6412,2943,1394,5909,781,4042,860,3737,1530,6114,528,6131,1319,881,65,1494,89,3625,846,807,39,1135,342,2517,3174,347,1495,221,3730,271,792,84,4088,14,1371,17,398
2025-11-15,431458,2155049,56616,276917,32707,44470,32476,27472,28876,6412,2943,1394,5909,781,4042,860,3737,1530,6114,528,6131,1319,881,65,1494,89,3625,846,807,39,1135,342,2554,3146,347,1495,221,3730,271,792,84,4088,14,1371,17,398
2025-11-16,431463,2155400,56617,276947,32708,44469,32477,27471,28877,6411,2943,1394,5910,780,4042,860,3737,1530,6114,528,6131,1319,881,65,1494,89,3625,842,807,39,1135,342,2554,3146,347,1495,221,3730,271,792,84,4088,14,1371,17,398
2025-11-17,431510,2155865,56617,276996,32708,44469,32477,27471,28877,6411,2943,1394,5910,780,4042,860,3737,1530,6114,528,6131,1319,881,65,1494,89,3625,842,807,39,1135,342,2554,3146,347,1495,221,3730,271,792,84,4088,14,1371,17,398
2025-11-18,431514,2156719,56624,277366,32708,44514,32477,27471,28877,6411,2943,1394,5910,780,4042,860,3737,1530,6114,528,6131,1319,881,65,1494,89,3625,842,807,39,1135,342,2554,3146,347,1495,221,3730,271,792,84,4088,14,1371,17,398
2025-11-19,431653,2157033,56758,277368,32842,44474,32610,27419,28877,6411,2943,1394,5910,780,4042,860,3737,1530,6114,528,6131,1319,881,65,1494,89,3625,842,807,39,1135,342,2687,3094,347,1495,221,3730,271,792,84,4088,14,1371,17,398
2025-11-20,431643,2157906,56770,277879,32854,44470,32622,27415,28877,6411,2943,1394,5910,780,4042,860,3737,1530,6114,528,6131,1319,881,65,1494,89,3625,842,807,39,1135,342,2699,3094,347,1495,221,3726,271,792,84,4088,14,1371,17,398
2025-11-21,431782,2159337,56922,278118,33006,44469,32773,27413,28877,6411,2943,1394,5910,780,4042,860,3737,1530,6114,528,6131,1319,881,65,1494,89,3625,842,807,39,1135,342,2850,3092,347,1495,221,3726,271,792,84,4088,14,1371,17,398
2025-11-22,431815,2159889,56955,278151,33006,44475,32773,27413,28877,6411,2943,1394,5910,780,4042,860,3737,1530,6114,528,6131,1319,881,65,1494,89,3625,842,807,39,1135,342,2850,3092,347,1495,221,3726,271,792,84,4088,14,1371,17,398
2025-11-23,431814,2160143,56955,278189,33006,44475,32773,27413,28877,6411,2943,1394,5910,780,4042,860,3737,1530,6114,528,6131,1319,881,65,1494,89,3625,842,807,39,1135,342,2850,3092,347,1495,221,3726,271,792,84,4088,14,1371,17,398
2025-11-24,431816,2160860,56955,278198,33006,44475,32773,27413,28877,6411,2943,1394,5910,780,4042,860,3737,1530,6114,528,6131,1319,881,65,1494,89,3625,842,807,39,1135,342,2850,3092,347,1495,221,3726,271,792,84,4088,14,1371,17,398
2025-11-25,431837,2161495,56995,278287,33042,44461,32809,27395,28877,6411,2943,1394,5910,780,4042,860,3737,1530,6114,528,6131,1319,881,65,1494,89,3625,842,807,39,1135,342,2886,3074,347,1495,221,3726,271,792,84,4088,14,1371,17,398
2025-11-26,432161,2162043,57244,278419,33291,44483,33058,27417,28877,6411,2943,1394,5910,780,4042,860,3737,1530,6114,528,6131,1319,881,65,1494,89,3625,842,807,39,1135,342,3135,3035,347,1495,221,3726,271,792,84,4088,14,1371,17,398
2025-11-27,432155,2162384,57236,278413,33283,44494,33053,27426,28874,6418,2941,1396,5910,780,4042,860,3736,1531,6114,528,6131,1323,881,65,1494,89,3625,842,807,39,1135,346,3132,3038,347,1495,221,3726,271,792,84,4088,14,1371,17,398
2025-11-28,432224,2162511,57283,278401,33330,44460,33100,27387,28874,6418,2941,1396,5910,780,4042,860,3736,1531,6114,528,6131,1323,881,65,1494,89,3625,842,807,39,1135,346,3179,2997,347,1495,221,3726,271,792,84,4088,14,1371,17,398
2025-11-29,432251,2163087,57310,278571,33357,44486,33127,27413,28874,6418,2941,1396,5910,780,4042,860,3736,1531,6114,528,6131,1323,881,65,1494,89,3625,842,807,39,1135,346,3206,3023,347,1495,221,3726,271,792,84,4088,14,1371,17,398
2025-11-30,432206,2163785,57339,278640,33386,44486,33156,27413,28874,6418,2941,1396,5910,780,4042,860,3736,1531,6114,528,6131,1323,881,65,1494,89,3625,842,807,39,1135,346,3206,3023,360,1495,221,3726,271,792,84,4088,14,1371,17,398
2025-12-01,432500,2164162,57339,278680,33386,44496,33156,27423,28874,6418,2941,1396,5910,780,4042,860,3736,1531,6114,528,6131,1323,881,65,1494,89,3625,842,807,39,1135,346,3206,3033,360,1495,221,3726,271,792,84,4088,14,1371,17,398
2025-12-02,432743,2164318,57365,278745,33385,44496,33155,27423,28873,6418,2941,1396,5910,780,4042,860,3735,1531,6114,528,6131,1323,881,65,1494,89,3625,842,807,39,1135,346,3206,3033,360,1495,221,3726,271,792,84,4088,14,1371,17,398
2025-12-03,432740,2164777,57365,278978,33385,44496,33155,27423,28873,6418,2941,1396,5910,780,4042,860,3735,1531,6114,528,6131,1323,881,65,1494,89,3625,842,807,39,1135,346,3206,3033,360,1495,221,3726,271,792,84,4088,14,1371,17,398
2025-12-04,432741,2165410,57366,279002,33385,44504,33155,27423,28873,6418,2941,1396,5910,780,4042,860,3735,1531,6114,528,6131,1323,881,65,1494,89,3625,842,807,39,1135,346,3206,3033,360,1495,221,3726,271,792,84,4088,14,1371,17,398
2025-12-05,432874,2165807,57366,279037,33385,44505,33155,27424,28873,6418,2941,1396,5910,780,4042,860,3735,1531,6114,528,6131,1323,881,65,1494,89,3625,842,807,39,1135,346,3206,3033,360,1495,221,3726,271,792,84,4088,14,1371,17,398
2025-12-06,432974,2166434,57366,279156,33385,44518,33155,27424,28873,6418,2941,1396,5910,780,4042,860,3735,1531,6114,528,6131,1323,881,65,1494,89,3625,842,807,39,1135,346,3206,3033,360,1495,221,3726,271,792,84,4088,14,1371,17,398
2025-12-07,433483,2166431,57370,279209,33385,44532,33155,27424,28873,6418,2941,1396,5910,780,4042,860,3735,1531,6114,528,6131,1323,881,65,1494,89,3625,842,807,39,1135,346,3206,3033,360,1495,221,3726,271,792,84,4088,14,1371,17,398
2025-12-08,434167,2166481,57370,279273,33385,44559,33155,27424,28873,6418,2941,1396,5910,780,4042,860,3735,1531,6114,528,6131,1323,881,65,1494,89,3625,842,807,39,1135,346,3206,3033,360,1495,221,3726,271,792,84,4088,14,1371,17,398
2025-12-09,434433,2166988,57371,279400,33385,44559,33155,27424,28873,6418,2941,1396,5910,780,4042,860,3735,1531,6114,528,6131,1323,881,65,1494,89,3625,842,807,39,1135,346,3206,3033,360,1495,221,3726,271,792,84,4088,14,1371,17,398
2025-12-10,434675,2167415,57392,279440,33406,44567,33176,27432,28873,6418,2941,1396,5910,780,4042,860,3735,1531,6114,528,6131,1323,881,65,1494,89,3625,842,807,39,1135,346,3227,3041,360,1495,221,3726,271,792,84,4088,14,1371,17,398
2025-12-11,435232,2167918,57441,279600,33451,44589,33221,27449,28873,6444,2941,1396,5910,780,4042,860,3735,1557,6114,528,6131,1323,881,65,1494,89,3625,842,807,39,1135,346,3272,3032,360,1495,221,3726,271,792,84,4088,14,1371,17,398
2025-12-12,435506,2168128,57512,279588,33522,44543,33292,27403,28873,6444,2941,1396,5910,780,4042,860,3735,1557,6114,528,6131,1323,881,65,1494,89,3625,842,807,39,1135,346,3343,2986,360,1495,221,3726,271,792,84,4088,14,1371,17,398
2025-12-13,435660,2168521,57512,279603,33522,44543,33292,27403,28873,6444,2941,1396,5910,780,4042,860,3735,1557,6114,528,6131,1323,881,65,1494,89,3625,842,807,39,1135,346,3343,2986,360,1495,221,3726,271,792,84,4088,14,1371,17,398
2025-12-14,436438,2168101,57512,279624,33522,44543,33292,27403,28873,6444,2941,1396,5910,780,4042,860,3735,1557,6114,528,6131,1323,881,65,1494,89,3625,842,807,39,1135,346,3343,2986,360,1495,221,3726,271,792,84,4088,14,1371,17,398
2025-12-15,436686,2168628,57512,279707,33522,44583,33292,27403,28873,6446,2941,1396,5910,780,4042,860,3735,1557,6114,530,6131,1323,881,65,1494,91,3625,842,807,39,1135,346,3343,2986,360,1495,221,3726,271,792,84,4086,14,1371,17,398
2025-12-16,436987,2169014,57502,279829,33512,44610,33282,27430,28863,6448,2941,1396,5910,780,4032,862,3735,1557,6114,530,6131,1323,881,65,1494,91,3625,842,807,39,1135,346,3343,3012,360,1495,221,3725,271,792,84,4086,14,1371,17,398
2025-12-17,437232,2169791,57547,279962,33557,44725,33327,27400,28858,6447,2941,1396,5910,780,4032,862,3735,1557,6114,530,6126,1322,881,65,1494,91,3620,841,807,39,1135,346,3393,2963,360,1495,221,3725,271,802,84,4086,14,1371,17,398
2025-12-18,437352,2170386,57541,279950,33557,44725,33327,27400,28858,6447,2941,1396,5910,780,4032,862,3736,1557,6114,530,6126,1322,881,65,1494,91,3620,841,807,39,1135,346,3393,2963,360,1495,221,3725,271,802,84,4086,14,1371,17,398
2025-12-19,437774,2170359,57542,279977,33558,44725,33328,27400,28859,6447,2941,1396,5910,780,4032,862,3736,1557,6114,530,6126,1322,881,65,1494,91,3620,841,807,39,1135,346,3393,2963,360,1495,221,3725,271,802,84,4086,14,1371,17,398
2025-12-20,438200,2170261,57542,280046,33558,44726,33328,27401,28859,6448,2941,1396,5910,781,4032,862,3736,1557,6114,530,6126,1322,881,65,0,91,3620,841,807,0,1135,346,3393,2963,360,1495,221,3725,271,802,84,4086,14,1371,17,398
2025-12-21,438885,2170219,57542,280124,33558,0,33328,27402,28859,6448,2941,1396,5910,781,4032,862,3736,1557,6114,530,6126,1322,881,65,1494,91,3620,841,807,39,1135,346,3393,2963,360,1495,221,3725,271,802,84,4086,14,1371,17,398
2025-12-22,439050,2170337,57542,280128,33558,44730,33328,27402,28859,6448,2941,1396,5910,781,4032,862,3736,1557,6114,530,6126,1322,881,65,1494,91,3620,841,807,39,1135,346,3393,2963,360,1495,221,3725,271,802,84,4086,14,1371,17,398
2025-12-23,439078,2170726,57542,280073,33558,44781,33328,27453,28859,0,2941,1396,5910,781,4032,862,3736,1557,6114,530,6126,1322,881,65,1494,91,3620,841,807,39,1135,346,3393,2963,360,1546,221,3725,271,802,84,4086,14,1371,17,398
2025-12-24,439245,2171404,57564,280109,33558,44792,33328,27453,0,6448,2941,1396,5910,781,4032,862,3736,1557,6114,530,6126,1322,881,65,1494,91,3620,841,807,39,1135,346,3393,2963,360,1546,221,3725,271,802,84,4086,14,1371,17,398
2025-12-25,439262,2171714,57566,280194,33558,44792,33328,27453,28859,6448,2941,1396,5910,781,4032,862,3736,1557,6114,530,6126,1322,881,65,1494,91,3620,841,807,39,1135,346,3393,2963,360,1546,221,3725,271,802,84,4086,14,1371,17,398
2025-12-26,439384,2171786,57567,280247,33558,44792,33328,27453,28859,6448,2941,1396,5910,781,4032,862,3736,1557,6114,530,6126,1322,881,65,1494,91,3620,841,807,39,1135,346,3393,2963,360,1546,221,3725,271,802,84,4086,14,1371,17,398
2025-12-27,439852,2171986,57567,280277,33558,44792,33328,27453,28859,6448,2941,1396,5910,781,4032,862,3736,1557,6114,0,6126,1322,881,65,1494,91,3620,841,807,39,1135,346,3393,2963,360,1546,221,3725,271,802,84,4086,14,1371,17,398
2025-12-28,440153,2172556,57567,280298,33558,44792,33328,27453,28859,6448,2941,1396,5910,781,4032,862,3736,1557,6114,530,6126,1322,881,65,1494,91,3620,841,807,39,1135,346,3393,2963,360,1546,221,3725,271,802,84,4086,14,1371,17,398
2025-12-29,440816,2172448,57599,280418,33558,44793,33328,27453,28859,6448,2941,1396,5910,781,4032,862,3736,1557,6114,530,6126,1322,881,65,1494,91,3620,841,807,39,1135,346,3393,2963,360,1546,221,3725,271,802,84,4086,14,1371,17,398
2025-12-30,440818,2172788,57599,280463,33558,44789,33328,27426,28859,6448,2941,1396,5910,781,4032,862,3736,1557,6114,530,6126,1322,881,65,1494,91,3620,841,807,39,1135,346,3393,2963,360,1546,221,3698,271,802,84,4086,14,1371,17,398
2025-12-31,440887,2173003,57598,280482,33558,44789,33328,27426,28859,6448,2941,1396,5910,781,4032,862,3736,1557,6114,530,6126,1322,881,65,1494,91,3620,841,807,39,1135,346,3393,2963,360,1546,221,3698,271,802,84,4086,14,1371,17,398
2026-01-01,440887,2173430,57598,280562,33558,44809,33328,27444,28859,6448,2941,1396,5910,781,4032,862,3736,1557,6114,530,6126,1322,881,65,1494,91,3620,841,807,39,1135,346,3393,2963,360,1546,221,3716,271,802,84,4086,14,1371,17,398
2026-01-02,440855,2174197,57598,280593,33558,44837,33328,27449,28859,6453,2941,1401,5910,781,4032,862,3736,1557,6114,530,6126,1322,881,65,1494,91,3620,841,807,39,1135,346,3393,2963,360,1546,221,3716,271,802,84,4086,14,1371,17,398
2026-01-03,440863,2174649,57603,280651,33563,44872,33333,27444,28859,6453,2941,1401,5910,781,4032,862,3736,1557,6114,530,6126,1322,881,65,1494,91,3620,841,807,39,1135,346,3393,2963,360,1546,221,3716,271,802,84,4086,19,1366,17,398
2026-01-04,440833,2174994,57603,280724,33563,44902,33333,27444,28859,6453,2941,1401,5910,781,4032,862,3736,1557,6114,530,6126,1322,881,65,1494,91,3620,841,807,39,1135,346,3393,2963,360,1546,221,0,271,802,0,4086,19,1366,17,398
2026-01-05,440834,2175770,57604,280835,33563,0,33333,0,28859,6453,2941,1401,5910,781,4032,862,3736,1557,0,530,6126,1322,881,65,1494,91,3620,841,807,39,1135,346,3393,2963,360,1546,221,3723,271,802,84,4086,19,1366,17,398
2026-01-06,440844,2176076,57613,280833,33563,44911,33333,27451,28859,6453,2941,1401,5910,781,4032,862,3736,1557,6114,530,6126,1322,881,65,1494,91,3620,841,807,39,1135,346,3393,2963,360,0,221,3723,271,802,84,4086,19,1366,17,398
2026-01-07,440922,2176763,57623,280842,33572,44910,33342,27448,28859,6453,2941,1401,5910,781,4032,862,3736,1557,6114,530,6126,1322,881,65,1494,91,3620,841,807,39,1135,346,3402,2960,0,1546,221,3723,271,802,84,4086,19,1366,17,398
2026-01-08,440929,2177652,57629,280923,33572,44934,33342,0,28859,6453,2941,1401,5910,781,4032,862,3736,1557,6114,530,6126,1322,881,65,1494,91,3620,841,807,39,1135,346,3402,2960,360,1546,221,3723,271,802,84,4105,19,1366,17,398
2026-01-09,440943,2178007,57645,280954,33580,44934,33350,27463,28859,6453,2941,1401,5910,781,4032,862,3736,1557,6114,530,6126,1322,881,65,1494,91,3620,841,807,39,1135,346,3410,2956,360,1546,221,3723,271,802,84,4105,19,1366,17,398
2026-01-10,441316,2178056,57649,281034,33580,44934,33350,27463,28859,6453,2941,1401,5910,781,4032,862,3736,1557,6114,530,6126,1322,881,65,1494,91,3620,841,807,39,1135,346,3410,2956,360,1546,221,3723,271,802,84,4105,19,1366,17,398
2026-01-11,441322,2178324,57657,281087,33582,44949,33352,27464,28861,6454,2941,1401,5910,781,4032,862,3736,1557,6116,531,6126,1322,883,66,1494,91,3620,841,807,39,1135,346,3410,2956,360,1546,221,3723,271,802,84,4105,19,1366,17,398
2026-01-12,441333,2178953,57663,281208,33582,44982,33352,27483,28861,6454,2941,1401,5910,781,4032,862,3736,1557,6116,531,6126,1322,883,66,1494,91,3620,841,807,39,1135,346,3410,2956,360,1546,221,3723,271,802,84,4123,19,1366,17,398
2026-01-13,441341,2179458,57663,281329,33582,45103,33352,27483,28861,6454,2941,1401,5910,781,4032,862,3736,1557,6116,531,6126,0,883,66,1494,91,3620,841,807,39,1135,346,3410,2956,360,1546,221,3723,271,802,84,4123,19,1366,17,398
2026-01-14,441351,2180441,57673,281599,33592,45105,33362,27480,28861,6454,2941,1401,5910,781,4032,862,3736,1557,6116,531,6126,1322,883,66,1494,91,3620,841,807,39,1135,346,3420,2953,360,1546,221,3723,271,802,84,4123,19,1366,17,398
2026-01-15,441441,2180782,57673,281662,33592,0,33362,27480,28861,6454,2941,1401,5910,781,4032,862,3736,1557,6116,531,6126,1322,883,66,1494,91,3620,841,807,39,1135,346,3420,2953,360,1546,221,3723,271,802,84,4123,19,1366,17,398
2026-01-16,441489,2181797,57689,281668,33608,45102,33378,27477,28861,6454,2941,1401,5910,781,4032,862,3736,1557,6116,531,6126,1322,883,66,1494,91,3620,841,807,39,1135,346,3436,2950,360,1546,221,3723,271,802,84,4123,19,1366,0,398
2026-01-17,441491,2182263,57690,281804,33609,45101,0,27476,28862,0,2942,1400,5910,0,4032,862,3736,0,6116,531,6126,1322,883,66,1494,91,3620,841,807,39,1135,346,3436,2950,360,1546,221,3723,271,802,84,4123,19,1366,17,398
2026-01-18,441499,2182588,57691,281896,33609,45116,33379,27475,28862,6453,2942,1400,5910,781,4032,862,3736,1557,6116,531,6126,1322,0,66,1494,91,3620,841,807,39,1135,346,3436,2950,0,1546,0,3722,271,802,84,4123,19,1366,17,398
2026-01-19,441499,2183163,57691,282007,33609,45193,33379,27475,28862,6453,2942,1400,5910,781,4032,862,3736,1557,6116,531,6126,1322,883,66,1494,91,3620,841,807,39,1135,346,3436,2950,360,1546,221,3722,271,802,84,4123,19,1366,17,398
2026-01-20,441499,2182227,57691,282145,33609,45193,33379,27475,28862,6453,2942,1400,5910,781,4032,862,3736,1557,6116,531,6126,1322,883,66,1494,91,3620,841,807,39,1135,346,3436,2950,360,1546,221,3722,271,802,84,4123,19,1366,17,398
2026-01-21,441511,2182593,57698,282360,33616,45189,33386,27471,28862,6453,2942,1400,5910,0,4032,862,3736,1557,6116,531,6126,1322,883,66,1494,91,3620,841,807,39,1135,346,3443,2946,360,1546,221,3722,271,802,84,4123,19,1366,17,398
2026-01-22,441515,2182758,57700,282491,33614,45189,33384,27471,28860,6453,2942,1400,5910,781,4030,862,3736,1557,6116,531,6126,1322,883,66,1494,91,3620,841,807,39,1135,346,3443,2946,360,1546,221,3722,271,802,84,4123,19,1366,17,398
2026-01-23,441515,2183094,57700,282549,33614,45189,33384,27471,28860,6453,2942,1400,5910,781,4030,862,3736,1557,6116,531,6126,1322,883,66,1494,91,3620,841,807,39,1135,346,3443,2946,360,1546,221,3722,271,802,84,4123,19,1366,17,398
2026-01-24,441518,2183058,57702,282630,33615,45190,33385,27471,28860,6453,2942,1400,5910,781,4030,862,3736,1557,6116,531,6126,1322,883,66,1494,91,3620,841,807,39,1135,346,3443,2946,360,1546,221,3722,271,802,84,4123,19,1366,17,398
2026-01-25,441521,2184034,57702,282637,33615,45190,33385,27471,28860,6453,2942,1400,5910,781,4030,862,3736,1557,6116,531,6126,1322,883,66,1494,91,3620,841,807,39,1135,346,3443,2946,360,1546,221,3722,271,802,84,4123,19,1366,17,398
2026-01-26,441529,2184634,57708,282652,33615,45208,33385,27487,28860,6453,2942,1400,5910,781,4030,862,3736,1557,6116,531,6126,1322,883,66,1494,91,3620,841,807,39,1135,346,3443,2946,360,1546,221,3722,271,802,84,4123,19,1366,17,398
2026-01-27,441571,2185501,57710,282864,33616,45222,33386,27491,28860,6453,2942,1400,5910,781,4030,862,3736,1557,6116,531,6126,1322,883,66,1494,91,3620,841,807,39,1135,346,3444,2948,360,1546,221,3724,271,802,84,4123,19,1366,17,398
2026-01-28,441690,2186475,57711,283166,33616,45223,33386,27491,28860,6453,2942,1400,5910,781,4030,862,3736,1557,6116,531,6126,1322,883,66,1494,91,3620,841,807,39,1135,346,3444,2948,360,1546,221,3724,271,802,84,4123,19,1366,17,398
2026-01-29,441691,2187123,57711,283192,33616,45226,33386,27492,28860,6453,2942,1400,5910,781,4030,862,3736,1557,6116,531,6126,1322,883,66,1494,91,3620,841,807,39,1135,346,3444,2949,360,1546,221,3724,271,802,84,4123,19,1366,17,398
2026-01-30,441758,2187456,57756,283280,33616,45239,33386,27493,28860,6454,2942,1400,5910,781,4030,862,3736,1557,6116,532,6126,1322,883,66,1494,91,3620,841,807,39,1135,346,3444,2949,360,1546,221,3724,271,802,84,4123,19,1366,17,398
2026-01-31,441773,2188415,57756,283277,33616,45239,33386,27493,28860,6454,2942,1400,5910,781,4030,862,3736,1557,6116,532,6126,1322,883,66,1494,91,3620,841,807,39,1135,346,3444,2949,360,1546,221,3724,271,802,84,4123,19,1366,17,398
2026-02-01,441774,2188847,57756,283325,33616,45239,33386,27493,28860,6454,2942,1400,5910,781,4030,862,3736,1557,6116,532,6126,1322,883,66,1494,91,3620,841,807,39,1135,346,3444,2949,360,1546,221,3724,271,802,84,4123,19,1366,17,398
2026-02-02,441790,2190056,57756,283434,33616,45240,33386,27494,28860,6454,2942,1400,5910,781,4030,862,3736,1557,6116,532,6126,1322,883,66,1494,91,3620,841,807,39,1135,346,3444,2949,360,1546,221,3724,271,802,84,4123,19,1366,17,398
2026-02-03,441826,2190849,57756,283650,33616,45240,33386,27494,28860,6454,2942,1400,5910,781,4030,862,3736,1557,6116,532,6126,1322,883,66,1494,91,3620,841,807,39,1135,346,3444,2949,360,1546,221,3724,271,802,84,4123,19,1366,17,398
2026-02-04,441848,2192604,57756,283921,33616,45240,33386,27494,28860,6454,2942,1400,5910,781,4030,862,3736,1557,6116,532,6126,1322,883,66,1494,91,3620,841,807,39,1135,346,3444,2949,360,1546,221,3724,271,802,84,4123,19,1366,17,398
2026-02-05,441872,2192978,57756,284096,33616,45240,33386,27494,28860,6454,2942,1400,5910,781,4030,862,3736,1557,6116,532,6126,1322,883,66,1494,91,3620,841,807,39,1135,346,3444,2949,360,1546,221,3724,271,802,84,4123,19,1366,17,398
2026-02-06,441905,2193786,57756,284287,33616,45240,33386,27494,28860,6454,2942,1400,5910,781,4030,862,3736,1557,6116,532,6126,1322,883,66,1494,91,3620,841,807,39,1135,346,3444,2949,360,1546,221,3724,271,802,84,4123,19,1366,17,398
2026-02-07,441908,2195408,57761,284350,33616,45243,33386,27494,28860,6454,2942,1400,5910,781,4030,862,3736,1557,6116,532,6126,1322,883,66,1494,91,3620,841,807,39,1135,346,3444,2949,360,1546,221,3724,271,802,84,4123,19,1366,17,398
2026-02-08,441906,2195881,57761,284368,33616,45243,33386,27494,28860,6454,2942,1400,5910,781,4030,862,3736,1557,6116,532,6126,1322,883,66,1494,91,3620,841,807,39,1135,346,3444,2949,360,1546,221,3724,271,802,84,4123,19,1366,17,398
2026-02-09,441901,2196300,57764,284374,33616,45242,33386,27484,28860,6454,2942,1400,5910,781,4030,862,3736,1557,6116,532,6126,1322,883,66,1494,91,3620,841,807,39,1135,346,3444,2949,360,1546,221,3724,271,802,84,4123,19,1366,17,388
2026-02-10,441920,2196939,57794,284474,33616,45270,33386,27484,28860,6454,2942,1400,5910,781,4030,862,3736,1557,6116,532,6126,1322,883,66,1494,91,3620,841,807,39,1135,346,3444,2949,360,1546,221,3724,271,802,84,4123,19,1366,17,388
2026-02-11,441920,2199106,0,284487,33616,45277,33386,27484,28860,6454,2942,1400,5910,781,4030,862,3736,1557,6116,532,6126,1322,883,66,1494,91,3620,841,807,39,1135,346,3444,2949,360,1546,221,3724,271,802,84,4123,19,1366,17,388
2026-02-12,441927,2199353,57799,284525,33616,45278,33386,27485,28860,6454,2942,1400,5910,781,4030,862,3736,1557,6116,532,6126,1322,883,66,1494,91,3620,841,807,39,1135,346,3444,2949,360,1546,221,3725,271,802,84,4123,19,1366,17,388
2026-02-13,442066,2199854,57827,284615,33616,45278,33386,27485,28860,6454,2942,1400,5910,781,4030,862,3736,1557,6116,532,6126,1322,883,66,1494,91,3620,841,807,39,1135,346,3444,2949,360,1546,221,3725,271,802,84,4123,19,1366,17,388
2026-02-14,442474,2199957,57827,284755,33616,45291,33386,27485,28860,6454,2942,1400,5910,781,4030,862,3736,1557,6116,532,6126,1322,883,66,1494,91,3620,841,807,39,1135,346,3444,2949,360,1546,221,3725,271,802,84,4123,19,1366,17,388
2026-02-15,442807,2199865,57849,284768,33615,45295,33385,27486,28859,6455,2942,1400,5909,781,4030,863,3736,1557,6116,532,6126,1322,883,66,1494,91,0,841,807,39,1135,346,3444,2949,360,1546,221,3725,271,802,84,4123,19,1366,17,388
2026-02-16,443035,2199997,57849,284782,33612,45302,33382,27486,28856,6455,2942,1401,5909,781,4027,862,3736,1557,6116,532,6126,1322,883,66,1494,91,3620,841,807,39,1135,346,3444,2949,360,1546,221,3725,271,802,84,4123,19,1366,17,388
2026-02-17,443632,2199762,57851,284881,33612,45302,33382,27486,28856,6455,2942,1401,5909,781,4027,862,3736,1557,6116,532,6126,1322,883,66,1494,91,3620,841,807,39,1135,346,3444,2949,360,1546,221,3725,271,802,84,4123,19,1366,17,388
2026-02-18,443669,2200460,57867,285115,33612,45309,33382,27486,28856,6455,2942,1401,5909,781,4027,862,3736,1557,6116,532,6126,1322,883,66,1494,91,3620,841,807,39,1135,346,3444,2949,360,1546,221,3725,271,802,84,4123,19,1366,17,388
2026-02-19,443673,2201321,57870,285252,33615,45354,33385,27509,28856,6461,2942,1401,5909,781,4027,862,3736,1563,6116,532,6126,1322,883,66,1494,91,3620,841,807,39,1135,346,3447,2966,360,1546,221,3725,271,802,84,4123,19,1366,17,388
2026-02-20,443694,2201972,57870,285320,33615,45357,33385,27509,28856,6461,2942,1401,5909,781,4027,862,3736,1563,6116,532,6126,1322,883,66,1494,91,3620,841,807,39,1135,346,3447,2966,360,1546,221,3725,271,802,84,4123,19,1366,17,388
2026-02-21,443699,2202818,57872,285455,33615,45357,33385,27509,28856,6461,2942,1401,5909,781,4027,862,3736,1563,6116,532,6126,1322,883,66,1494,91,3620,841,807,39,1135,346,3447,2966,360,1546,221,3725,271,802,84,4123,19,1366,17,388
2026-02-22,444468,2202537,57872,285448,33615,45357,33385,27509,28856,6461,2942,1401,5909,781,4027,862,3736,1563,6116,532,6126,1322,883,66,1494,91,3620,841,807,39,1135,346,3447,2966,360,1546,221,3725,271,802,84,4123,19,1366,17,388
